Time (sec),Voltage (V),AccX (m/s^2),AccY (m/s^2),Gyro (deg/sec),Gyro45(deg/sec),Theta (deg)
0,0,0.144755,9.81029,43.5059,43.7183,1.03751
0.01,0,0.144755,9.81029,43.5059,44.0725,0.777817
0.02,0,0.144755,9.81029,43.5059,43.7183,1.03751
0.03,0,0.144755,9.81029,43.5059,44.4266,1.03751
0.04,0,0.144755,9.81029,43.5059,44.0725,0.777817
0.05,0,0.144755,9.81029,43.5059,44.0725,0.777817
0.06,0,0.144755,9.81029,43.5059,44.0725,0.777817
0.07,0,0.144755,9.81029,43.5059,44.0725,0.777817
0.08,0,0.144755,9.81029,43.5059,44.0725,0.777817
0.09,0,0.144755,9.81029,43.5059,44.0725,1.03751
0.1,0,0.144755,9.81029,43.5059,44.0725,0.777817
0.11,0,0.144755,9.81029,43.5059,44.0725,0.777817
0.12,0,0.144755,9.81029,43.5059,44.0725,1.03751
0.13,0,0.0481096,9.81029,43.5059,44.0725,1.03751
0.14,0,0.144755,9.81029,43.5059,44.0725,0.777817
0.15,0,0.144755,9.81029,43.5059,44.0725,0.777817
0.16,0,0.144755,9.81029,43.5059,43.7183,0.777817
0.17,0,0.144755,9.81029,43.5059,43.7183,0.777817
0.18,0,0.144755,9.81029,43.5059,43.7183,0.777817
0.19,0,0.144755,9.81029,43.5059,44.0725,0.777817
0.2,0,0.144755,9.81029,43.5059,43.7183,0.777817
0.21,0,0.144755,9.81029,43.5059,44.0725,0.777817
0.22,0,0.144755,9.81029,43.5059,44.0725,0.777817
0.23,0,0.144755,9.81029,43.5059,44.0725,0.777817
0.24,0,0.144755,9.81029,43.5059,43.7183,0.777817
0.25,-0,0.144755,9.81029,43.5059,44.0725,1.03751
0.26,-0,0.144755,9.81029,43.5059,44.0725,0.777817
0.27,-0,0.144755,9.81029,43.5059,44.0725,0.777817
0.28,-0,0.144755,9.81029,43.5059,44.0725,0.777817
0.29,-0,0.144755,9.81029,43.5059,44.0725,0.777817
0.3,-0,0.144755,9.81029,43.5059,44.0725,0.777817
0.31,-0,0.144755,9.81029,43.5059,44.0725,1.03751
0.32,-0,0.144755,9.81029,43.5059,44.0725,0.777817
0.33,-0,0.144755,9.81029,43.5059,44.0725,1.03751
0.34,-0,0.144755,9.81029,43.5059,44.0725,0.777817
0.35,-0,0.144755,9.81029,43.5059,44.0725,0.777817
0.36,-0,0.144755,9.81029,43.5059,44.0725,0.777817
0.37,-0,0.144755,9.81029,43.5059,44.0725,0.777817
0.38,-0,0.144755,9.81029,43.5059,44.0725,0.777817
0.39,-0,0.144755,9.81029,43.5059,43.7183,0.777817
0.4,-0,0.144755,9.81029,43.5059,43.7183,1.03751
0.41,-0,0.144755,9.81029,43.5059,44.0725,1.03751
0.42,-0,0.0481096,9.81029,43.5059,44.0725,0.777817
0.43,-0,0.144755,9.81029,43.5059,44.0725,0.777817
0.44,-0,0.144755,9.81029,43.5059,44.0725,0.777817
0.45,-0,0.144755,9.81029,43.5059,44.0725,1.03751
0.46,-0,0.144755,9.81029,43.5059,44.0725,0.777817
0.47,-0,0.144755,9.81029,43.5059,44.0725,0.777817
0.48,-0,0.144755,9.81029,43.5059,43.7183,1.03751
0.49,-0,0.0481096,9.81029,43.5059,44.0725,0.777817
0.5,-0,0.144755,9.81029,43.5059,44.0725,0.777817
0.51,0,0.144755,9.81029,43.5059,43.7183,0.777817
0.52,0,0.144755,9.81029,43.5059,44.0725,0.777817
0.53,0,0.144755,9.81029,43.5059,43.7183,0.777817
0.54,0,0.144755,9.81029,43.5059,44.0725,0.777817
0.55,0,0.144755,9.81029,43.5059,44.0725,0.777817
0.56,0,0.144755,9.81029,43.5059,43.7183,1.03751
0.57,0,0.2414,9.81029,43.5059,44.0725,0.777817
0.58,0,0.0481096,9.81029,43.5059,44.0725,0.777817
0.59,0,0.144755,9.81029,43.5059,44.0725,0.777817
0.6,0,0.144755,9.81029,43.5059,44.0725,0.777817
0.61,0,0.0481096,9.81029,43.5059,44.0725,0.777817
0.62,0,0.144755,9.81029,43.5059,43.7183,0.777817
0.63,0,0.144755,9.81029,43.5059,43.7183,0.777817
0.64,0,0.144755,9.81029,43.5059,44.0725,0.777817
0.65,0,0.144755,9.81029,43.5059,43.7183,0.777817
0.66,0,0.144755,9.81029,43.5059,44.0725,0.777817
0.67,0,0.144755,9.81029,43.5059,44.0725,0.777817
0.68,0,0.144755,9.81029,43.5059,44.0725,0.777817
0.69,0,0.144755,9.81029,43.5059,44.0725,0.777817
0.7,0,0.144755,9.81029,43.5059,44.0725,1.03751
0.71,0,0.144755,9.81029,43.5059,44.0725,1.03751
0.72,0,0.144755,9.81029,43.5059,44.0725,0.777817
0.73,0,0.144755,9.81029,43.5059,44.0725,1.03751
0.74,0,0.144755,9.81029,43.5059,44.0725,0.777817
0.75,0,0.144755,9.81029,43.5059,44.0725,0.777817
0.76,-0,0.144755,9.81029,43.5059,44.0725,0.777817
0.77,-0,0.144755,9.81029,43.5059,43.7183,0.777817
0.78,-0,0.144755,9.81029,43.5059,44.0725,0.777817
0.79,-0,0.144755,9.81029,43.5059,44.0725,0.777817
0.8,-0,0.144755,9.81029,43.5059,44.0725,0.777817
0.81,-0,0.144755,9.81029,43.5059,44.0725,1.03751
0.82,-0,0.144755,9.81029,43.5059,44.0725,0.777817
0.83,-0,0.144755,9.81029,43.5059,44.0725,1.03751
0.84,-0,0.144755,9.81029,43.5059,43.7183,1.03751
0.85,-0,0.144755,9.81029,43.5059,43.7183,1.03751
0.86,-0,0.144755,9.81029,43.5059,44.0725,0.777817
0.87,-0,0.144755,9.81029,43.5059,44.0725,0.777817
0.88,-0,0.144755,9.81029,43.5059,44.0725,0.777817
0.89,-0,0.144755,9.81029,43.5059,43.7183,0.777817
0.9,-0,0.144755,9.81029,43.5059,44.0725,0.777817
0.91,-0,0.144755,9.81029,43.5059,44.0725,0.777817
0.92,-0,0.144755,9.81029,43.5059,44.0725,1.03751
0.93,-0,0.144755,9.81029,43.5059,44.0725,0.777817
0.94,-0,0.144755,9.81029,43.5059,44.0725,1.03751
0.95,-0,0.144755,9.81029,43.5059,44.0725,1.03751
0.96,-0,0.144755,9.81029,43.5059,44.0725,0.777817
0.97,-0,0.144755,9.81029,43.5059,43.7183,0.777817
0.98,-0,0.144755,9.81029,43.5059,43.7183,0.777817
0.99,-0,0.144755,9.81029,43.5059,44.0725,0.777817
1,-0,0.144755,9.81029,43.5059,44.0725,0.777817
1.01,0,0.144755,9.81029,43.5059,44.0725,1.03751
1.02,0,0.144755,9.81029,43.5059,44.0725,0.777817
1.03,0,0.144755,9.81029,43.5059,44.0725,0.777817
1.04,0,0.144755,9.81029,43.5059,44.0725,0.777817
1.05,0,0.144755,9.81029,43.5059,44.0725,0.777817
1.06,0,0.144755,9.81029,43.5059,43.7183,0.777817
1.07,0,0.144755,9.81029,43.5059,44.0725,0.777817
1.08,0,0.144755,9.81029,43.5059,43.7183,0.777817
1.09,0,0.144755,9.81029,43.5059,44.0725,1.03751
1.1,0,0.144755,9.81029,43.5059,43.7183,0.777817
1.11,0,0.144755,9.81029,43.5059,44.0725,0.777817
1.12,0,0.144755,9.81029,43.5059,43.7183,0.777817
1.13,0,0.144755,9.81029,43.5059,43.7183,0.777817
1.14,0,0.144755,9.81029,43.5059,43.7183,0.777817
1.15,0,0.144755,9.81029,43.5059,43.7183,0.777817
1.16,0,0.144755,9.81029,43.5059,44.0725,0.777817
1.17,0,0.144755,9.81029,43.5059,44.0725,1.03751
1.18,0,0.144755,9.81029,43.5059,44.0725,1.03751
1.19,0,0.144755,9.81029,43.5059,44.0725,0.777817
1.2,0,0.144755,9.81029,43.5059,43.7183,0.777817
1.21,0,0.144755,9.81029,43.5059,43.7183,1.03751
1.22,0,0.144755,9.81029,43.5059,44.0725,0.777817
1.23,0,0.144755,9.81029,43.5059,44.0725,0.777817
1.24,0,0.144755,9.81029,43.5059,44.0725,0.777817
1.25,0,0.144755,9.81029,43.5059,44.0725,0.777817
1.26,-0,0.144755,9.81029,43.5059,44.0725,0.777817
1.27,-0,0.144755,9.81029,43.5059,43.7183,0.777817
1.28,-0,0.144755,9.81029,43.5059,43.7183,0.777817
1.29,-0,0.144755,9.81029,43.5059,44.0725,0.777817
1.3,-0,0.144755,9.81029,43.5059,44.0725,0.777817
1.31,-0,0.144755,9.81029,43.5059,44.0725,0.777817
1.32,-0,0.144755,9.81029,43.5059,43.7183,0.777817
1.33,-0,0.144755,9.81029,43.5059,44.0725,0.777817
1.34,-0,0.0481096,9.81029,43.5059,44.0725,0.777817
1.35,-0,0.144755,9.81029,43.5059,44.0725,0.777817
1.36,-0,0.144755,9.81029,43.5059,44.0725,0.777817
1.37,-0,0.144755,9.81029,43.5059,43.7183,0.777817
1.38,-0,0.144755,9.81029,43.5059,44.0725,0.777817
1.39,-0,0.144755,9.81029,43.5059,44.0725,0.777817
1.4,-0,0.144755,9.81029,43.5059,44.0725,0.777817
1.41,-0,0.144755,9.81029,43.5059,43.7183,0.777817
1.42,-0,0.144755,9.81029,43.5059,43.7183,0.777817
1.43,-0,0.144755,9.81029,43.5059,43.7183,1.03751
1.44,-0,0.144755,9.81029,43.5059,44.0725,0.777817
1.45,-0,0.144755,9.81029,43.5059,44.0725,0.777817
1.46,-0,0.144755,9.81029,43.5059,44.0725,0.777817
1.47,-0,0.144755,9.81029,43.5059,44.0725,0.777817
1.48,-0,0.144755,9.81029,43.5059,44.0725,0.777817
1.49,-0,0.144755,9.81029,43.5059,44.0725,0.777817
1.5,-0,0.0481096,9.81029,43.5059,44.0725,0.777817
1.51,0,0.144755,9.81029,43.5059,43.7183,1.03751
1.52,0,0.144755,9.81029,43.5059,43.7183,0.777817
1.53,0,0.144755,9.81029,43.5059,43.7183,1.03751
1.54,0,0.144755,9.81029,43.5059,43.7183,0.777817
1.55,0,0.144755,9.81029,43.5059,44.0725,0.777817
1.56,0,0.0481096,9.81029,43.5059,43.7183,0.777817
1.57,0,0.144755,9.81029,43.5059,43.7183,0.777817
1.58,0,0.144755,9.81029,43.5059,43.7183,0.777817
1.59,0,0.144755,9.81029,43.5059,44.0725,0.777817
1.6,0,0.144755,9.81029,43.5059,44.0725,0.777817
1.61,0,0.144755,9.81029,43.5059,44.0725,1.03751
1.62,0,0.144755,9.81029,43.5059,43.7183,1.03751
1.63,0,0.144755,9.81029,43.5059,43.7183,1.03751
1.64,0,0.144755,9.81029,43.5059,44.0725,0.777817
1.65,0,0.144755,9.81029,43.5059,43.7183,1.03751
1.66,0,0.144755,9.81029,43.5059,44.0725,0.777817
1.67,0,0.144755,9.81029,43.5059,44.0725,0.777817
1.68,0,0.144755,9.81029,43.5059,44.0725,0.777817
1.69,0,0.144755,9.81029,43.5059,44.4266,0.777817
1.7,0,0.144755,9.81029,43.5059,44.0725,0.777817
1.71,0,0.144755,9.81029,43.5059,44.0725,0.777817
1.72,0,0.144755,9.81029,43.5059,43.7183,0.777817
1.73,0,0.144755,9.81029,43.5059,44.0725,0.777817
1.74,0,0.144755,9.81029,43.5059,43.7183,0.777817
1.75,0,0.144755,9.81029,43.5059,44.0725,1.03751
1.76,-0,0.144755,9.81029,43.5059,44.0725,1.03751
1.77,-0,0.144755,9.81029,43.5059,43.7183,0.777817
1.78,-0,0.144755,9.81029,43.5059,43.7183,0.777817
1.79,-0,0.144755,9.81029,43.5059,43.7183,1.03751
1.8,-0,0.144755,9.81029,43.5059,43.7183,0.777817
1.81,-0,0.144755,9.81029,43.5059,44.0725,0.777817
1.82,-0,0.144755,9.81029,43.5059,44.0725,0.777817
1.83,-0,0.144755,9.81029,43.5059,44.0725,0.777817
1.84,-0,0.144755,9.81029,43.5059,43.7183,0.777817
1.85,-0,0.0481096,9.81029,43.5059,44.0725,0.777817
1.86,-0,0.144755,9.81029,43.5059,44.4266,0.777817
1.87,-0,0.144755,9.81029,43.5059,44.0725,1.03751
1.88,-0,0.144755,9.81029,43.5059,43.7183,0.777817
1.89,-0,0.144755,9.81029,43.5059,43.7183,0.777817
1.9,-0,0.144755,9.81029,43.5059,43.7183,0.777817
1.91,-0,0.144755,9.81029,43.5059,44.0725,0.777817
1.92,-0,0.144755,9.81029,43.5059,44.0725,0.777817
1.93,-0,0.144755,9.81029,43.5059,44.0725,0.777817
1.94,-0,0.144755,9.81029,43.5059,44.0725,0.777817
1.95,-0,0.144755,9.81029,43.5059,44.0725,1.03751
1.96,-0,0.144755,9.81029,43.5059,44.0725,0.777817
1.97,-0,0.0481096,9.81029,43.5059,43.7183,0.777817
1.98,-0,0.144755,9.81029,43.5059,44.0725,0.777817
1.99,-0,0.144755,9.81029,43.5059,44.0725,0.777817
2,-0,0.144755,9.81029,43.5059,44.0725,0.777817
2.01,0,0.144755,9.81029,43.5059,43.7183,0.777817
2.02,0,0.144755,9.81029,43.5059,44.0725,0.777817
2.03,0,0.144755,9.81029,43.5059,43.7183,0.777817
2.04,0,0.144755,9.81029,43.5059,44.0725,1.03751
2.05,0,0.144755,9.81029,43.5059,44.0725,0.777817
2.06,0,0.144755,9.81029,43.5059,44.0725,0.777817
2.07,0,0.144755,9.81029,43.5059,43.7183,0.777817
2.08,0,0.144755,9.81029,43.5059,44.0725,0.777817
2.09,0,0.0481096,9.81029,43.5059,44.0725,1.03751
2.1,0,0.144755,9.81029,43.5059,43.7183,0.777817
2.11,0,0.144755,9.81029,43.5059,44.0725,0.777817
2.12,0,0.144755,9.81029,43.5059,44.0725,1.03751
2.13,0,0.144755,9.81029,43.5059,43.7183,0.777817
2.14,0,0.144755,9.81029,43.5059,44.0725,0.777817
2.15,0,0.144755,9.81029,43.5059,44.0725,0.777817
2.16,0,0.144755,9.81029,43.5059,44.0725,0.777817
2.17,0,0.144755,9.81029,43.5059,43.7183,0.777817
2.18,0,0.144755,9.81029,43.5059,44.0725,1.03751
2.19,0,0.144755,9.81029,43.5059,44.0725,0.777817
2.2,0,0.0481096,9.81029,43.5059,44.0725,0.777817
2.21,0,0.144755,9.81029,43.5059,43.7183,0.777817
2.22,0,-0.241826,9.90554,43.5059,43.7183,0.777817
2.23,0,-0.435117,9.81029,41.8945,42.6559,0.777817
2.24,0,-0.435117,9.81029,41.8945,41.9476,0.777817
2.25,0,-0.435117,9.90554,40.2832,41.2394,0.777817
2.26,-0,-0.435117,9.81029,40.2832,40.5311,0.777817
2.27,-0,-0.338471,9.81029,40.2832,39.8228,0.777817
2.28,-0,-0.241826,9.81029,38.6719,39.4687,0.777817
2.29,-0,-0.241826,9.81029,38.6719,38.7604,0.777817
2.3,-0,-0.241826,9.81029,37.0605,38.4063,0.777817
2.31,-0,-0.145181,9.81029,37.0605,38.0521,0.777817
2.32,-0,-0.145181,9.81029,37.0605,38.0521,0.518127
2.33,-0,-0.145181,9.81029,37.0605,37.3439,0.518127
2.34,-0,-0.338471,9.81029,37.0605,36.9897,0.518127
2.35,-0,-0.531762,9.90554,35.4492,36.6356,0.518127
2.36,-0,-0.725052,9.81029,35.4492,35.219,0.258438
2.37,-0,-0.918343,9.90554,33.8379,34.1566,0.258438
2.38,-0,-1.01499,9.90554,32.2266,32.7401,-0.00123596
2.39,-0,-1.01499,9.90554,30.6152,31.3235,-0.00123596
2.4,-0,-1.11163,9.90554,29.0039,29.5528,-0.00123596
2.41,-0,-1.01499,9.90554,27.3926,28.1363,-0.260925
2.42,-0,-0.918343,9.90554,27.3926,27.0739,-0.260925
2.43,-0,-0.918343,9.90554,25.7812,26.0114,-0.520615
2.44,-0,-0.918343,9.90554,24.1699,24.949,-0.780304
2.45,-0,-0.821697,9.90554,24.1699,24.2407,-0.780304
2.46,-0,-0.918343,9.81029,22.5586,23.5325,-1.03999
2.47,-0,-1.01499,9.90554,22.5586,22.4701,-1.03999
2.48,-0,-1.11163,9.90554,20.9473,21.0535,-1.29968
2.49,-0,-1.01499,9.90554,19.3359,19.9911,-1.55937
2.5,-0,-1.01499,9.90554,19.3359,19.2828,-1.81906
2.51,0,-0.918343,9.90554,17.7246,18.2204,-2.07875
2.52,0,-0.725052,9.90554,17.7246,17.8663,-2.33842
2.53,0,-0.628407,9.90554,17.7246,17.5121,-2.59811
2.54,0,-0.628407,9.90554,17.7246,17.5121,-2.8578
2.55,0,-0.725052,9.90554,17.7246,17.5121,-3.11749
2.56,0,-0.725052,9.81029,17.7246,17.5121,-3.11749
2.57,0,-0.821697,9.81029,16.1133,17.158,-3.37718
2.58,0,-1.01499,9.90554,16.1133,16.4497,-3.63687
2.59,0,-1.11163,9.90554,16.1133,16.0956,-3.89656
2.6,0,-1.11163,9.90554,16.1133,15.3873,-4.15625
2.61,0,-1.11163,9.90554,14.502,15.0332,-4.67561
2.62,0,-1.11163,9.90554,14.502,14.3249,-4.67561
2.63,0,-1.11163,9.90554,14.502,14.3249,-4.9353
2.64,0,-0.918343,9.81029,14.502,14.3249,-5.19499
2.65,0,-0.725052,9.81029,14.502,14.679,-5.71437
2.66,0,-0.725052,9.81029,14.502,15.0332,-5.97406
2.67,0,-0.628407,9.81029,16.1133,15.7414,-6.23374
2.68,0,-0.628407,9.81029,16.1133,16.4497,-6.49343
2.69,0,-0.628407,9.81029,16.1133,17.158,-6.75312
2.7,0,-0.628407,9.71505,17.7246,18.2204,-7.01281
2.71,0,-0.821697,9.71505,17.7246,18.5745,-7.27249
2.72,0,-0.918343,9.81029,19.3359,19.2828,-7.53218
2.73,0,-1.01499,9.71505,19.3359,19.9911,-7.79187
2.74,0,-1.01499,9.71505,19.3359,20.3452,-8.05156
2.75,0,-1.11163,9.71505,20.9473,20.6994,-8.31124
2.76,-0,-1.20828,9.71505,20.9473,21.0535,-8.31124
2.77,-0,-1.11163,9.71505,20.9473,21.7618,-8.57093
2.78,-0,-1.11163,9.71505,22.5586,22.1159,-8.83062
2.79,-0,-1.11163,9.71505,22.5586,23.1783,-9.09031
2.8,-0,-1.20828,9.71505,24.1699,23.5325,-9.34999
2.81,-0,-1.20828,9.71505,24.1699,24.2407,-9.60968
2.82,-0,-1.30492,9.6198,24.1699,24.949,-9.60968
2.83,-0,-1.40157,9.6198,25.7812,25.6573,-9.86937
2.84,-0,-1.40157,9.6198,25.7812,26.0114,-9.86937
2.85,-0,-1.49821,9.6198,25.7812,26.3656,-10.1291
2.86,-0,-1.49821,9.71505,25.7812,26.7197,-10.3887
2.87,-0,-1.59486,9.6198,27.3926,27.0739,-10.6484
2.88,-0,-1.59486,9.6198,27.3926,27.428,-10.9081
2.89,-0,-1.59486,9.6198,27.3926,27.7821,-11.1678
2.9,-0,-1.49821,9.6198,27.3926,28.1363,-11.1678
2.91,-0,-1.49821,9.6198,29.0039,28.8445,-11.4275
2.92,-0,-1.59486,9.6198,29.0039,29.5528,-11.4275
2.93,-0,-1.59486,9.6198,29.0039,29.907,-11.4275
2.94,-0,-1.6915,9.6198,30.6152,30.2611,-11.6872
2.95,-0,-1.6915,9.6198,30.6152,30.6152,-11.9469
2.96,-0,-1.78815,9.6198,30.6152,31.3235,-11.9469
2.97,-0,-1.88479,9.6198,30.6152,31.6776,-11.9469
2.98,-0,-1.88479,9.6198,30.6152,31.6776,-12.2066
2.99,-0,-1.98144,9.6198,32.2266,32.0318,-12.2066
3,-0,-1.98144,9.52456,32.2266,31.6776,-12.4662
3.01,0,-1.98144,9.6198,32.2266,32.3859,-12.7259
3.02,0,-1.98144,9.6198,32.2266,32.7401,-12.7259
3.03,0,-1.98144,9.52456,32.2266,33.0942,-12.9856
3.04,0,-1.98144,9.52456,32.2266,33.4483,-12.9856
3.05,0,-1.98144,9.52456,33.8379,33.8025,-12.9856
3.06,0,-2.07809,9.52456,33.8379,34.1566,-13.2453
3.07,0,-2.17473,9.52456,33.8379,34.1566,-13.2453
3.08,0,-2.17473,9.52456,33.8379,34.1566,-13.505
3.09,0,-2.27138,9.52456,33.8379,34.1566,-13.505
3.1,0,-2.36802,9.52456,33.8379,34.1566,-13.505
3.11,0,-2.36802,9.52456,33.8379,33.8025,-13.7647
3.12,0,-2.36802,9.52456,33.8379,34.1566,-13.7647
3.13,0,-2.17473,9.52456,33.8379,33.8025,-13.7647
3.14,0,-2.27138,9.52456,33.8379,34.1566,-13.7647
3.15,0,-2.27138,9.42931,33.8379,34.5107,-14.0244
3.16,0,-2.27138,9.52456,33.8379,34.5107,-14.0244
3.17,0,-2.27138,9.52456,33.8379,34.8649,-14.0244
3.18,0,-2.27138,9.52456,33.8379,34.8649,-14.2841
3.19,0,-2.36802,9.42931,35.4492,35.219,-14.5437
3.2,0,-2.27138,9.52456,35.4492,35.5732,-14.5437
3.21,0,-2.27138,9.42931,35.4492,35.5732,-14.5437
3.22,0,-2.17473,9.42931,35.4492,36.2814,-14.5437
3.23,0,-2.17473,9.42931,35.4492,36.2814,-14.8034
3.24,0,-2.07809,9.42931,37.0605,36.9897,-14.8034
3.25,0,-2.07809,9.42931,37.0605,37.698,-14.8034
3.26,-0,-2.17473,9.42931,37.0605,38.0521,-14.8034
3.27,-0,-2.17473,9.42931,38.6719,38.4063,-14.8034
3.28,-0,-2.17473,9.42931,38.6719,39.1145,-15.0631
3.29,-0,-2.27138,9.42931,38.6719,39.8228,-15.0631
3.3,-0,-2.27138,9.42931,40.2832,40.177,-15.3228
3.31,-0,-2.27138,9.42931,40.2832,40.177,-15.3228
3.32,-0,-2.46467,9.42931,40.2832,40.5311,-15.3228
3.33,-0,-2.46467,9.42931,40.2832,40.5311,-15.3228
3.34,-0,-2.46467,9.42931,40.2832,40.8852,-15.3228
3.35,-0,-2.46467,9.42931,40.2832,41.2394,-15.3228
3.36,-0,-2.56131,9.42931,40.2832,41.2394,-15.3228
3.37,-0,-2.46467,9.42931,40.2832,41.2394,-15.3228
3.38,-0,-2.56131,9.42931,40.2832,41.5935,-15.3228
3.39,-0,-2.46467,9.42931,40.2832,41.5935,-15.5825
3.4,-0,-2.56131,9.42931,41.8945,41.9476,-15.5825
3.41,-0,-2.56131,9.42931,41.8945,41.9476,-15.5825
3.42,-0,-2.56131,9.42931,41.8945,41.5935,-15.5825
3.43,-0,-2.56131,9.42931,41.8945,41.9476,-15.5825
3.44,-0,-2.65796,9.42931,41.8945,41.9476,-15.5825
3.45,-0,-2.56131,9.42931,41.8945,41.9476,-15.5825
3.46,-0,-2.56131,9.42931,41.8945,41.9476,-15.5825
3.47,-0,-2.56131,9.42931,41.8945,41.9476,-15.8422
3.48,-0,-2.56131,9.42931,41.8945,41.9476,-15.8422
3.49,-0,-2.46467,9.42931,41.8945,42.3018,-15.8422
3.5,-0,-2.36802,9.42931,41.8945,42.6559,-15.8422
3.51,0,-2.36802,9.42931,41.8945,43.0101,-15.8422
3.52,0,-2.36802,9.42931,43.5059,43.3642,-15.8422
3.53,0,-2.46467,9.42931,43.5059,43.7183,-15.8422
3.54,0,-2.56131,9.42931,43.5059,43.7183,-15.8422
3.55,0,-2.65796,9.42931,43.5059,44.0725,-15.8422
3.56,0,-2.65796,9.42931,43.5059,44.0725,-15.8422
3.57,0,-2.65796,9.42931,43.5059,44.0725,-15.8422
3.58,0,-2.65796,9.42931,43.5059,43.7183,-15.8422
3.59,0,-2.65796,9.42931,43.5059,44.0725,-15.8422
3.6,0,-2.65796,9.42931,43.5059,43.7183,-15.8422
3.61,0,-2.65796,9.42931,43.5059,43.7183,-15.8422
3.62,0,-2.65796,9.42931,43.5059,43.7183,-15.8422
3.63,0,-2.65796,9.42931,43.5059,43.7183,-15.8422
3.64,0,-2.7546,9.42931,43.5059,43.7183,-15.8422
3.65,0,-2.65796,9.42931,43.5059,43.7183,-15.8422
3.66,0,-2.65796,9.42931,43.5059,43.7183,-15.8422
3.67,0,-2.65796,9.42931,43.5059,43.7183,-15.8422
3.68,0,-2.65796,9.42931,43.5059,43.7183,-15.8422
3.69,0,-2.65796,9.42931,43.5059,43.3642,-15.8422
3.7,0,-2.65796,9.42931,43.5059,43.3642,-15.8422
3.71,0,-2.65796,9.42931,43.5059,43.3642,-15.8422
3.72,0,-2.65796,9.42931,43.5059,43.3642,-15.8422
3.73,0,-2.65796,9.42931,43.5059,43.3642,-15.8422
3.74,0,-2.65796,9.42931,43.5059,43.3642,-15.8422
3.75,0,-2.56131,9.42931,43.5059,43.3642,-15.8422
3.76,-0,-2.56131,9.42931,43.5059,43.7183,-15.8422
3.77,-0,-2.56131,9.42931,43.5059,43.7183,-15.8422
3.78,-0,-2.56131,9.42931,43.5059,44.0725,-15.8422
3.79,-0,-2.56131,9.42931,43.5059,44.0725,-15.8422
3.8,-0,-2.65796,9.42931,43.5059,44.0725,-15.8422
3.81,-0,-2.65796,9.42931,43.5059,44.0725,-15.8422
3.82,-0,-2.65796,9.42931,43.5059,44.0725,-15.8422
3.83,-0,-2.65796,9.42931,43.5059,44.0725,-15.8422
3.84,-0,-2.65796,9.42931,43.5059,44.0725,-15.8422
3.85,-0,-2.65796,9.42931,43.5059,44.0725,-15.8422
3.86,-0,-2.65796,9.42931,43.5059,44.0725,-15.8422
3.87,-0,-2.65796,9.42931,43.5059,44.4266,-15.8422
3.88,-0,-2.65796,9.42931,43.5059,44.0725,-15.8422
3.89,-0,-2.7546,9.42931,43.5059,44.4266,-15.8422
3.9,-0,-2.7546,9.42931,43.5059,44.0725,-15.8422
3.91,-0,-2.7546,9.42931,43.5059,43.7183,-15.8422
3.92,-0,-2.7546,9.42931,43.5059,43.7183,-15.8422
3.93,-0,-2.65796,9.42931,43.5059,43.7183,-15.8422
3.94,-0,-2.56131,9.42931,43.5059,43.7183,-15.8422
3.95,-0,-2.46467,9.42931,43.5059,43.7183,-15.8422
3.96,-0,-2.56131,9.42931,43.5059,44.4266,-15.8422
3.97,-0,-2.56131,9.42931,43.5059,44.4266,-15.8422
3.98,-0,-2.65796,9.42931,43.5059,44.4266,-15.8422
3.99,-0,-2.65796,9.42931,43.5059,44.4266,-15.8422
4,-0,-2.7546,9.42931,43.5059,44.4266,-15.8422
4.01,0,-2.7546,9.42931,43.5059,44.0725,-15.8422
4.02,0,-2.7546,9.42931,43.5059,44.0725,-15.8422
4.03,0,-2.7546,9.42931,43.5059,44.0725,-15.8422
4.04,0,-2.7546,9.42931,43.5059,44.0725,-15.8422
4.05,0,-2.65796,9.42931,43.5059,44.0725,-15.8422
4.06,0,-2.65796,9.42931,43.5059,43.7183,-15.8422
4.07,0,-2.65796,9.42931,43.5059,43.7183,-15.8422
4.08,0,-2.56131,9.42931,43.5059,43.7183,-15.8422
4.09,0,-2.56131,9.42931,43.5059,43.7183,-15.8422
4.1,0,-2.65796,9.42931,43.5059,44.0725,-15.8422
4.11,0,-2.7546,9.42931,43.5059,43.7183,-15.8422
4.12,0,-2.7546,9.42931,43.5059,43.7183,-15.8422
4.13,0,-2.65796,9.42931,43.5059,43.7183,-15.8422
4.14,0,-2.7546,9.42931,43.5059,43.7183,-15.8422
4.15,0,-2.65796,9.42931,43.5059,43.7183,-15.8422
4.16,0,-2.56131,9.42931,43.5059,43.7183,-15.8422
4.17,0,-2.65796,9.42931,43.5059,43.7183,-15.8422
4.18,0,-2.56131,9.42931,43.5059,43.7183,-15.8422
4.19,0,-2.56131,9.42931,43.5059,44.0725,-15.8422
4.2,0,-2.56131,9.42931,43.5059,44.4266,-15.8422
4.21,0,-2.65796,9.42931,43.5059,44.0725,-15.8422
4.22,0,-2.65796,9.42931,43.5059,44.0725,-15.8422
4.23,0,-2.65796,9.42931,43.5059,43.7183,-15.8422
4.24,0,-2.65796,9.42931,43.5059,44.0725,-15.8422
4.25,-0,-2.65796,9.42931,43.5059,44.0725,-15.8422
4.26,-0,-2.56131,9.42931,43.5059,44.4266,-15.8422
4.27,-0,-2.65796,9.42931,43.5059,44.4266,-15.8422
4.28,-0,-2.65796,9.42931,43.5059,44.0725,-15.8422
4.29,-0,-2.65796,9.42931,43.5059,44.0725,-15.8422
4.3,-0,-2.65796,9.42931,43.5059,44.4266,-15.8422
4.31,-0,-2.65796,9.42931,43.5059,44.0725,-15.8422
4.32,-0,-2.7546,9.42931,43.5059,44.0725,-15.8422
4.33,-0,-2.65796,9.42931,43.5059,44.4266,-15.8422
4.34,-0,-2.65796,9.42931,43.5059,44.0725,-15.8422
4.35,-0,-2.65796,9.42931,43.5059,44.0725,-15.8422
4.36,-0,-2.65796,9.42931,43.5059,44.0725,-15.8422
4.37,-0,-2.65796,9.42931,43.5059,44.0725,-15.8422
4.38,-0,-2.65796,9.42931,43.5059,44.0725,-15.8422
4.39,-0,-2.65796,9.42931,43.5059,44.4266,-15.8422
4.4,-0,-2.56131,9.42931,43.5059,44.4266,-15.8422
4.41,-0,-2.65796,9.42931,43.5059,44.4266,-15.8422
4.42,-0,-2.56131,9.42931,43.5059,44.4266,-15.8422
4.43,-0,-2.65796,9.42931,43.5059,44.4266,-15.8422
4.44,-0,-2.56131,9.42931,43.5059,44.4266,-15.8422
4.45,-0,-2.56131,9.42931,43.5059,44.4266,-15.8422
4.46,-0,-2.65796,9.42931,43.5059,44.4266,-15.8422
4.47,-0,-2.65796,9.42931,43.5059,44.4266,-15.8422
4.48,-0,-2.65796,9.42931,43.5059,44.4266,-15.8422
4.49,-0,-2.65796,9.42931,43.5059,44.0725,-15.8422
4.5,0,-2.7546,9.42931,43.5059,44.0725,-15.8422
4.51,0,-2.7546,9.42931,43.5059,43.7183,-15.8422
4.52,0,-2.7546,9.42931,43.5059,43.7183,-15.8422
4.53,0,-2.65796,9.42931,43.5059,43.7183,-15.8422
4.54,0,-2.65796,9.42931,43.5059,43.7183,-15.8422
4.55,0,-2.56131,9.42931,43.5059,43.7183,-15.8422
4.56,0,-2.56131,9.42931,43.5059,43.7183,-15.8422
4.57,0,-2.56131,9.42931,43.5059,43.7183,-15.8422
4.58,0,-2.56131,9.42931,43.5059,44.0725,-15.8422
4.59,0,-2.65796,9.42931,43.5059,43.7183,-15.8422
4.6,0,-2.65796,9.42931,43.5059,44.0725,-15.8422
4.61,0,-2.7546,9.42931,43.5059,44.4266,-15.8422
4.62,0,-2.56131,9.42931,43.5059,43.7183,-15.8422
4.63,0,-2.65796,9.42931,43.5059,43.7183,-15.8422
4.64,0,-2.56131,9.42931,43.5059,44.0725,-15.8422
4.65,0,-2.65796,9.42931,43.5059,44.0725,-15.8422
4.66,0,-2.56131,9.42931,43.5059,44.0725,-15.8422
4.67,0,-2.65796,9.42931,43.5059,43.7183,-15.8422
4.68,0,-2.56131,9.42931,43.5059,43.7183,-15.8422
4.69,0,-2.65796,9.42931,43.5059,43.7183,-15.8422
4.7,0,-2.65796,9.42931,43.5059,44.0725,-15.8422
4.71,0,-2.65796,9.42931,43.5059,44.0725,-15.8422
4.72,0,-2.65796,9.42931,43.5059,44.0725,-15.8422
4.73,0,-2.65796,9.42931,43.5059,44.0725,-15.8422
4.74,0,-2.65796,9.42931,43.5059,44.0725,-15.8422
4.75,-0,-2.56131,9.42931,43.5059,44.0725,-15.8422
4.76,-0,-2.56131,9.42931,43.5059,44.0725,-15.8422
4.77,-0,-2.56131,9.42931,43.5059,44.0725,-15.8422
4.78,-0,-2.56131,9.42931,43.5059,44.4266,-15.8422
4.79,-0,-2.56131,9.42931,43.5059,44.4266,-15.8422
4.8,-0,-2.65796,9.42931,43.5059,44.0725,-15.8422
4.81,-0,-2.65796,9.42931,43.5059,44.0725,-15.8422
4.82,-0,-2.7546,9.42931,43.5059,44.4266,-15.8422
4.83,-0,-2.7546,9.42931,43.5059,44.0725,-15.8422
4.84,-0,-2.65796,9.42931,43.5059,44.0725,-15.8422
4.85,-0,-2.65796,9.42931,43.5059,44.0725,-15.8422
4.86,-0,-2.65796,9.42931,43.5059,44.0725,-15.8422
4.87,-0,-2.65796,9.42931,43.5059,43.7183,-15.8422
4.88,-0,-2.65796,9.42931,43.5059,43.7183,-15.8422
4.89,-0,-2.56131,9.42931,43.5059,43.7183,-15.8422
4.9,-0,-2.65796,9.42931,43.5059,44.0725,-15.8422
4.91,-0,-2.65796,9.42931,43.5059,44.0725,-15.8422
4.92,-0,-2.65796,9.42931,43.5059,43.7183,-15.8422
4.93,-0,-2.65796,9.42931,43.5059,43.7183,-15.8422
4.94,-0,-2.7546,9.42931,43.5059,44.0725,-15.8422
4.95,-0,-2.7546,9.42931,43.5059,43.7183,-15.8422
4.96,-0,-2.65796,9.42931,43.5059,43.7183,-15.8422
4.97,-0,-2.65796,9.42931,43.5059,43.7183,-15.8422
4.98,-0,-2.65796,9.42931,43.5059,43.7183,-15.8422
4.99,-0,-2.56131,9.42931,43.5059,43.7183,-15.8422
5,0,-2.65796,9.42931,43.5059,43.7183,-15.8422
5.01,0,-2.56131,9.42931,43.5059,43.7183,-15.8422
5.02,0,-2.56131,9.42931,43.5059,43.7183,-15.8422
5.03,0,-2.65796,9.42931,43.5059,43.7183,-15.8422
5.04,0,-2.65796,9.42931,43.5059,44.0725,-15.8422
5.05,0,-2.65796,9.42931,43.5059,43.7183,-15.8422
5.06,0,-2.7546,9.42931,43.5059,43.7183,-15.8422
5.07,0,-2.65796,9.42931,43.5059,44.0725,-15.8422
5.08,0,-2.56131,9.42931,43.5059,43.7183,-15.8422
5.09,0,-2.56131,9.42931,43.5059,43.7183,-15.8422
5.1,0,-2.56131,9.42931,43.5059,43.7183,-15.8422
5.11,0,-2.65796,9.42931,43.5059,43.7183,-15.8422
5.12,0,-2.7546,9.42931,43.5059,44.0725,-15.8422
5.13,0,-2.65796,9.42931,43.5059,44.0725,-15.8422
5.14,0,-2.65796,9.42931,43.5059,43.7183,-15.8422
5.15,0,-2.65796,9.42931,43.5059,43.7183,-15.8422
5.16,0,-2.56131,9.42931,43.5059,44.0725,-15.8422
5.17,0,-2.56131,9.42931,43.5059,43.7183,-15.8422
5.18,0,-2.56131,9.42931,43.5059,44.0725,-15.8422
5.19,0,-2.65796,9.42931,43.5059,44.0725,-15.8422
5.2,0,-2.65796,9.42931,43.5059,44.0725,-15.8422
5.21,0,-2.65796,9.42931,43.5059,44.0725,-15.8422
5.22,0,-2.65796,9.42931,43.5059,44.0725,-15.8422
5.23,0,-2.65796,9.42931,43.5059,44.0725,-15.8422
5.24,0,-2.65796,9.42931,43.5059,44.0725,-15.8422
5.25,-0,-2.56131,9.42931,43.5059,43.7183,-15.8422
5.26,-0,-2.56131,9.42931,43.5059,44.0725,-15.8422
5.27,-0,-2.56131,9.42931,43.5059,44.0725,-15.8422
5.28,-0,-2.65796,9.42931,43.5059,44.4266,-15.8422
5.29,-0,-2.65796,9.42931,43.5059,44.4266,-15.8422
5.3,-0,-2.7546,9.42931,43.5059,44.4266,-15.8422
5.31,-0,-2.7546,9.42931,43.5059,43.7183,-15.8422
5.32,-0,-2.7546,9.42931,43.5059,43.7183,-15.8422
5.33,-0,-2.65796,9.42931,43.5059,43.7183,-15.8422
5.34,-0,-2.65796,9.42931,43.5059,43.7183,-15.8422
5.35,-0,-2.56131,9.42931,43.5059,43.7183,-15.8422
5.36,-0,-2.56131,9.42931,43.5059,43.7183,-15.8422
5.37,-0,-2.65796,9.42931,43.5059,43.7183,-15.8422
5.38,-0,-2.56131,9.42931,43.5059,44.0725,-15.8422
5.39,-0,-2.56131,9.42931,43.5059,44.0725,-15.8422
5.4,-0,-2.56131,9.42931,43.5059,44.0725,-15.8422
5.41,-0,-2.65796,9.42931,43.5059,44.0725,-15.8422
5.42,-0,-2.65796,9.42931,43.5059,43.7183,-15.8422
5.43,-0,-2.65796,9.42931,43.5059,44.0725,-15.8422
5.44,-0,-2.65796,9.42931,43.5059,43.7183,-15.8422
5.45,-0,-2.65796,9.42931,43.5059,44.0725,-15.8422
5.46,-0,-2.65796,9.42931,43.5059,43.7183,-15.8422
5.47,-0,-2.56131,9.42931,43.5059,43.7183,-15.8422
5.48,-0,-2.56131,9.42931,43.5059,44.0725,-15.8422
5.49,-0,-2.65796,9.42931,43.5059,44.0725,-15.8422
5.5,0,-2.65796,9.42931,43.5059,44.0725,-15.8422
5.51,0,-2.65796,9.42931,43.5059,44.0725,-15.8422
5.52,0,-2.65796,9.42931,43.5059,44.0725,-15.8422
5.53,0,-2.65796,9.42931,43.5059,44.0725,-15.8422
5.54,0,-2.65796,9.42931,43.5059,44.0725,-15.8422
5.55,0,-2.65796,9.42931,43.5059,44.0725,-15.8422
5.56,0,-2.65796,9.42931,43.5059,44.0725,-15.8422
5.57,0,-2.7546,9.42931,43.5059,43.7183,-15.8422
5.58,0,-2.65796,9.42931,43.5059,43.7183,-15.8422
5.59,0,-2.65796,9.42931,43.5059,43.7183,-15.8422
5.6,0,-2.65796,9.42931,43.5059,43.3642,-15.8422
5.61,0,-2.56131,9.42931,43.5059,43.7183,-15.8422
5.62,0,-2.56131,9.42931,43.5059,43.7183,-15.8422
5.63,0,-2.56131,9.42931,43.5059,43.7183,-15.8422
5.64,0,-2.65796,9.42931,43.5059,43.7183,-15.8422
5.65,0,-2.65796,9.42931,43.5059,44.0725,-15.8422
5.66,0,-2.65796,9.42931,43.5059,44.0725,-15.8422
5.67,0,-2.7546,9.42931,43.5059,44.0725,-15.8422
5.68,0,-2.65796,9.42931,43.5059,44.0725,-15.8422
5.69,0,-2.65796,9.42931,43.5059,44.0725,-15.8422
5.7,0,-2.65796,9.42931,43.5059,43.7183,-15.8422
5.71,0,-2.56131,9.42931,43.5059,43.7183,-15.8422
5.72,0,-2.56131,9.42931,43.5059,44.0725,-15.8422
5.73,0,-2.56131,9.42931,43.5059,44.0725,-15.8422
5.74,0,-2.65796,9.42931,43.5059,44.0725,-15.8422
5.75,-0,-2.65796,9.42931,43.5059,44.4266,-15.8422
5.76,-0,-2.56131,9.42931,43.5059,44.0725,-15.8422
5.77,-0,-2.65796,9.42931,43.5059,44.4266,-15.8422
5.78,-0,-2.65796,9.42931,43.5059,44.0725,-15.8422
5.79,-0,-2.65796,9.42931,43.5059,44.0725,-15.8422
5.8,-0,-2.56131,9.42931,43.5059,44.4266,-15.8422
5.81,-0,-2.56131,9.42931,43.5059,44.0725,-15.8422
5.82,-0,-2.65796,9.42931,43.5059,44.0725,-15.8422
5.83,-0,-2.56131,9.42931,43.5059,44.4266,-15.8422
5.84,-0,-2.56131,9.42931,43.5059,44.4266,-15.8422
5.85,-0,-2.56131,9.42931,43.5059,44.4266,-15.8422
5.86,-0,-2.56131,9.42931,43.5059,44.4266,-15.5825
5.87,-0,-2.56131,9.42931,43.5059,44.7808,-15.8422
5.88,-0,-2.65796,9.42931,43.5059,44.4266,-15.8422
5.89,-0,-2.65796,9.42931,43.5059,44.4266,-15.8422
5.9,-0,-2.65796,9.42931,43.5059,44.4266,-15.8422
5.91,-0,-2.56131,9.42931,43.5059,44.7808,-15.8422
5.92,-0,-2.46467,9.42931,43.5059,44.7808,-15.8422
5.93,-0,-2.46467,9.42931,43.5059,44.7808,-15.8422
5.94,-0,-2.46467,9.42931,45.1172,45.1349,-15.8422
5.95,-0,-2.46467,9.42931,45.1172,45.1349,-15.8422
5.96,-0,-2.46467,9.42931,45.1172,45.489,-15.8422
5.97,-0,-2.36802,9.42931,45.1172,46.1973,-15.8422
5.98,-0,-2.36802,9.42931,45.1172,46.1973,-15.5825
5.99,-0,-2.36802,9.42931,46.7285,46.9056,-15.5825
6,0,-2.27138,9.42931,46.7285,47.2597,-15.5825
6.01,0,-2.17473,9.42931,46.7285,47.2597,-15.5825
6.02,0,-2.07809,9.33407,48.3398,48.3221,-15.5825
6.03,0,-1.98144,9.42931,48.3398,49.0304,-15.5825
6.04,0,-1.88479,9.42931,49.9512,49.7387,-15.3228
6.05,0,-1.78815,9.42931,49.9512,50.8011,-15.3228
6.06,0,-1.78815,9.42931,51.5625,51.8635,-15.3228
6.07,0,-1.78815,9.42931,53.1738,52.9259,-15.3228
6.08,0,-1.78815,9.42931,53.1738,53.9883,-15.0631
6.09,0,-1.88479,9.42931,54.7852,55.0508,-14.8034
6.1,0,-1.88479,9.42931,54.7852,55.759,-14.8034
6.11,0,-1.98144,9.42931,56.3965,56.4673,-14.8034
6.12,0,-1.88479,9.42931,56.3965,57.1756,-14.5437
6.13,0,-1.88479,9.42931,58.0078,57.8839,-14.2841
6.14,0,-1.88479,9.42931,58.0078,58.5921,-14.2841
6.15,0,-1.88479,9.52456,58.0078,59.3004,-14.0244
6.16,0,-1.78815,9.52456,59.6191,60.0087,-13.7647
6.17,0,-1.78815,9.52456,59.6191,60.717,-13.7647
6.18,0,-1.6915,9.52456,61.2305,61.7794,-13.7647
6.19,0,-1.6915,9.52456,61.2305,62.1335,-13.505
6.2,0,-1.78815,9.6198,62.8418,63.1959,-13.2453
6.21,0,-1.6915,9.6198,62.8418,63.9042,-13.2453
6.22,0,-1.88479,9.6198,62.8418,64.2583,-12.9856
6.23,0,-1.98144,9.6198,64.4531,64.6125,-12.7259
6.24,0,-1.88479,9.6198,64.4531,64.9666,-12.4662
6.25,-0,-1.78815,9.6198,64.4531,65.3208,-11.9469
6.26,-0,-1.6915,9.6198,66.0645,65.6749,-11.9469
6.27,-0,-1.59486,9.6198,66.0645,66.3832,-11.6872
6.28,-0,-1.49821,9.6198,66.0645,67.0915,-11.4275
6.29,-0,-1.49821,9.6198,67.6758,67.7997,-11.4275
6.3,-0,-1.40157,9.6198,67.6758,68.1539,-11.1678
6.31,-0,-1.59486,9.71505,67.6758,68.508,-10.9081
6.32,-0,-1.59486,9.71505,67.6758,68.8621,-10.3887
6.33,-0,-1.59486,9.71505,69.2871,69.2163,-10.1291
6.34,-0,-1.59486,9.71505,69.2871,69.9246,-9.86937
6.35,-0,-1.49821,9.71505,69.2871,69.9246,-9.60968
6.36,-0,-1.49821,9.71505,69.2871,70.2787,-9.34999
6.37,-0,-1.49821,9.71505,69.2871,69.9246,-9.09031
6.38,-0,-1.59486,9.81029,69.2871,70.2787,-9.09031
6.39,-0,-1.6915,9.81029,69.2871,69.9246,-8.57093
6.4,-0,-1.49821,9.81029,69.2871,69.9246,-8.31124
6.41,-0,-1.49821,9.71505,69.2871,69.9246,-8.31124
6.42,-0,-1.49821,9.81029,69.2871,69.5704,-8.05156
6.43,-0,-1.40157,9.81029,69.2871,69.9246,-7.79187
6.44,-0,-1.30492,9.81029,69.2871,69.9246,-7.53218
6.45,-0,-1.30492,9.81029,69.2871,69.5704,-7.27249
6.46,-0,-1.40157,9.81029,69.2871,69.2163,-6.75312
6.47,-0,-1.20828,9.81029,69.2871,69.2163,-6.49343
6.48,-0,-1.20828,9.81029,69.2871,69.2163,-6.23374
6.49,-0,-1.11163,9.81029,69.2871,69.2163,-6.23374
6.5,0,-1.01499,9.81029,69.2871,69.2163,-5.71437
6.51,0,-0.918343,9.81029,69.2871,69.5704,-5.71437
6.52,0,-0.918343,9.81029,69.2871,69.9246,-5.19499
6.53,0,-0.918343,9.81029,69.2871,69.5704,-4.9353
6.54,0,-0.821697,9.81029,69.2871,69.5704,-4.9353
6.55,0,-0.821697,9.81029,69.2871,69.9246,-4.67561
6.56,0,-0.918343,9.81029,69.2871,69.9246,-4.41592
6.57,0,-0.918343,9.90554,69.2871,69.9246,-4.15625
6.58,0,-0.821697,9.90554,69.2871,69.9246,-3.89656
6.59,0,-0.821697,9.90554,69.2871,69.5704,-3.63687
6.6,0,-0.918343,9.90554,67.6758,69.2163,-3.37718
6.61,0,-1.11163,9.90554,67.6758,68.8621,-3.11749
6.62,0,-0.918343,9.90554,67.6758,68.1539,-3.11749
6.63,0,-0.918343,9.81029,67.6758,67.4456,-2.8578
6.64,0,-0.918343,9.81029,66.0645,67.0915,-2.59811
6.65,0,-0.918343,9.90554,66.0645,66.3832,-2.33842
6.66,0,-1.01499,9.90554,66.0645,65.6749,-2.07875
6.67,0,-1.20828,9.90554,64.4531,64.6125,-2.07875
6.68,0,-1.40157,9.90554,62.8418,63.1959,-1.81906
6.69,0,-1.78815,9.90554,61.2305,61.4252,-1.55937
6.7,0,-1.6915,9.90554,59.6191,59.6545,-1.55937
6.71,0,-1.49821,9.90554,58.0078,57.8839,-1.29968
6.72,0,-1.30492,9.90554,56.3965,56.4673,-1.29968
6.73,0,-1.20828,9.90554,54.7852,55.0508,-1.03999
6.74,0,-1.11163,9.90554,53.1738,53.6342,-1.03999
6.75,-0,-1.01499,9.81029,51.5625,52.5718,-1.03999
6.76,-0,-1.01499,9.81029,51.5625,51.5094,-1.03999
6.77,-0,-1.01499,9.81029,49.9512,50.447,-0.780304
6.78,-0,-1.01499,9.90554,48.3398,49.0304,-0.780304
6.79,-0,-0.918343,9.81029,46.7285,47.968,-0.780304
6.8,-0,-0.918343,9.81029,46.7285,46.9056,-0.780304
6.81,-0,-0.821697,9.81029,45.1172,46.1973,-0.780304
6.82,-0,-0.821697,9.81029,45.1172,45.1349,-0.780304
6.83,-0,-0.628407,9.81029,43.5059,44.4266,-0.780304
6.84,-0,-0.531762,9.81029,43.5059,43.7183,-0.780304
6.85,-0,-0.435117,9.81029,43.5059,43.3642,-0.780304
6.86,-0,-0.241826,9.81029,41.8945,43.0101,-0.780304
6.87,-0,-0.145181,9.81029,41.8945,42.6559,-0.780304
6.88,-0,-0.0485356,9.81029,43.5059,43.0101,-0.780304
6.89,-0,0.0481096,9.81029,43.5059,43.7183,-0.780304
6.9,-0,0.144755,9.81029,43.5059,43.7183,-0.780304
6.91,-0,0.0481096,9.81029,43.5059,44.0725,-0.780304
6.92,-0,0.0481096,9.81029,43.5059,44.4266,-0.780304
6.93,-0,-0.0485356,9.81029,43.5059,44.4266,-0.780304
6.94,-0,-0.241826,9.81029,43.5059,44.4266,-0.780304
6.95,-0,-0.338471,9.81029,43.5059,44.0725,-0.780304
6.96,-0,-0.435117,9.81029,43.5059,44.0725,-0.780304
6.97,-0,-0.338471,9.81029,43.5059,43.7183,-0.780304
6.98,-0,-0.241826,9.81029,43.5059,43.3642,-0.780304
6.99,-0,-0.145181,9.81029,43.5059,43.3642,-0.780304
7,0,-0.0485356,9.81029,43.5059,43.3642,-0.780304
7.01,0,0.0481096,9.81029,43.5059,43.7183,-0.780304
7.02,0,0.0481096,9.81029,43.5059,44.0725,-0.780304
7.03,0,0.144755,9.81029,43.5059,44.4266,-0.780304
7.04,0,0.0481096,9.81029,43.5059,44.7808,-0.780304
7.05,0,-0.145181,9.81029,43.5059,44.7808,-0.780304
7.06,0,-0.241826,9.81029,43.5059,44.7808,-0.780304
7.07,0,-0.338471,9.81029,43.5059,44.4266,-0.780304
7.08,0,-0.338471,9.81029,43.5059,44.0725,-0.780304
7.09,0,-0.338471,9.81029,43.5059,43.7183,-0.780304
7.1,0,-0.338471,9.81029,43.5059,43.7183,-0.780304
7.11,0,-0.145181,9.81029,43.5059,43.3642,-0.780304
7.12,0,-0.145181,9.81029,43.5059,43.3642,-0.780304
7.13,0,-0.0485356,9.81029,43.5059,43.3642,-0.780304
7.14,0,0.0481096,9.81029,43.5059,43.3642,-0.780304
7.15,0,0.0481096,9.81029,43.5059,44.0725,-0.780304
7.16,0,0.0481096,9.81029,43.5059,44.0725,-0.780304
7.17,0,-0.0485356,9.81029,43.5059,44.4266,-0.780304
7.18,0,-0.145181,9.81029,43.5059,44.4266,-0.780304
7.19,0,-0.241826,9.81029,43.5059,44.4266,-0.780304
7.2,0,-0.241826,9.81029,43.5059,44.0725,-0.780304
7.21,0,-0.241826,9.81029,43.5059,44.0725,-0.780304
7.22,0,-0.338471,9.81029,43.5059,43.7183,-0.780304
7.23,0,-0.241826,9.81029,43.5059,43.7183,-0.780304
7.24,0,-0.145181,9.81029,43.5059,43.7183,-0.780304
7.25,-0,-0.0485356,9.81029,43.5059,43.3642,-0.780304
7.26,-0,-0.0485356,9.81029,43.5059,43.7183,-0.780304
7.27,-0,0.0481096,9.81029,43.5059,44.0725,-0.780304
7.28,-0,-0.0485356,9.81029,43.5059,44.4266,-0.780304
7.29,-0,-0.0485356,9.81029,43.5059,44.4266,-0.780304
7.3,-0,-0.145181,9.81029,43.5059,44.4266,-0.780304
7.31,-0,-0.241826,9.81029,43.5059,44.0725,-0.780304
7.32,-0,-0.241826,9.81029,43.5059,43.7183,-0.780304
7.33,-0,-0.241826,9.81029,43.5059,43.7183,-0.780304
7.34,-0,-0.241826,9.81029,43.5059,44.0725,-0.780304
7.35,-0,-0.241826,9.81029,43.5059,43.7183,-0.780304
7.36,-0,-0.145181,9.81029,43.5059,43.7183,-0.780304
7.37,-0,-0.0485356,9.81029,43.5059,43.7183,-0.780304
7.38,-0,0.0481096,9.81029,43.5059,43.7183,-0.780304
7.39,-0,-0.0485356,9.81029,43.5059,44.0725,-0.780304
7.4,-0,-0.0485356,9.81029,43.5059,44.4266,-0.780304
7.41,-0,-0.145181,9.81029,43.5059,44.4266,-0.780304
7.42,-0,-0.145181,9.81029,43.5059,44.4266,-0.780304
7.43,-0,-0.241826,9.81029,43.5059,44.0725,-0.780304
7.44,-0,-0.241826,9.81029,43.5059,44.0725,-0.780304
7.45,-0,-0.241826,9.81029,43.5059,44.0725,-0.780304
7.46,-0,-0.145181,9.81029,43.5059,43.7183,-0.780304
7.47,-0,-0.241826,9.81029,43.5059,43.7183,-0.780304
7.48,-0,-0.145181,9.81029,43.5059,43.7183,-0.780304
7.49,-0,-0.0485356,9.81029,43.5059,43.7183,-0.780304
7.5,0,-0.0485356,9.81029,43.5059,43.7183,-0.780304
7.51,0,-0.0485356,9.81029,43.5059,44.0725,-0.780304
7.52,0,-0.0485356,9.81029,43.5059,44.0725,-0.780304
7.53,0,-0.145181,9.81029,43.5059,44.4266,-0.780304
7.54,0,-0.145181,9.81029,43.5059,44.0725,-0.780304
7.55,0,-0.241826,9.81029,43.5059,44.0725,-0.780304
7.56,0,-0.241826,9.81029,43.5059,43.7183,-0.780304
7.57,0,-0.241826,9.81029,43.5059,43.7183,-0.780304
7.58,0,-0.241826,9.81029,43.5059,43.7183,-0.780304
7.59,0,-0.145181,9.81029,43.5059,43.7183,-0.780304
7.6,0,-0.145181,9.81029,43.5059,43.7183,-0.780304
7.61,0,-0.0485356,9.81029,43.5059,43.7183,-0.780304
7.62,0,-0.0485356,9.81029,43.5059,43.7183,-0.780304
7.63,0,-0.145181,9.81029,43.5059,43.7183,-0.780304
7.64,0,-0.0485356,9.81029,43.5059,44.0725,-0.780304
7.65,0,-0.145181,9.81029,43.5059,44.4266,-0.780304
7.66,0,-0.145181,9.81029,43.5059,44.0725,-0.780304
7.67,0,-0.145181,9.81029,43.5059,44.4266,-0.780304
7.68,0,-0.241826,9.81029,43.5059,43.7183,-0.780304
7.69,0,-0.145181,9.81029,43.5059,43.7183,-0.780304
7.7,0,-0.145181,9.81029,43.5059,43.7183,-0.780304
7.71,0,-0.145181,9.81029,43.5059,43.7183,-0.780304
7.72,0,-0.145181,9.81029,43.5059,43.7183,-0.780304
7.73,0,-0.145181,9.81029,43.5059,43.7183,-0.780304
7.74,0,-0.145181,9.81029,43.5059,44.0725,-0.780304
7.75,-0,-0.0485356,9.71505,43.5059,44.0725,-0.780304
7.76,-0,-0.145181,9.81029,43.5059,44.0725,-0.780304
7.77,-0,-0.145181,9.81029,43.5059,44.0725,-0.780304
7.78,-0,-0.145181,9.81029,43.5059,44.0725,-0.780304
7.79,-0,-0.145181,9.81029,43.5059,44.0725,-0.780304
7.8,-0,-0.241826,9.81029,43.5059,44.0725,-0.780304
7.81,-0,-0.145181,9.81029,43.5059,44.0725,-0.780304
7.82,-0,-0.145181,9.81029,43.5059,43.7183,-0.780304
7.83,-0,-0.145181,9.81029,43.5059,43.7183,-0.780304
7.84,-0,-0.145181,9.81029,43.5059,43.7183,-0.780304
7.85,-0,-0.0485356,9.81029,43.5059,44.0725,-0.780304
7.86,-0,-0.0485356,9.81029,43.5059,44.0725,-0.780304
7.87,-0,-0.145181,9.81029,43.5059,44.0725,-0.780304
7.88,-0,-0.0485356,9.81029,43.5059,44.0725,-0.780304
7.89,-0,-0.145181,9.81029,43.5059,44.0725,-0.780304
7.9,-0,-0.145181,9.81029,43.5059,43.7183,-0.780304
7.91,-0,-0.241826,9.81029,43.5059,44.0725,-0.780304
7.92,-0,-0.241826,9.81029,43.5059,44.0725,-0.780304
7.93,-0,-0.241826,9.81029,43.5059,43.7183,-0.780304
7.94,-0,0.144755,9.71505,43.5059,43.7183,-0.780304
7.95,-0,0.144755,9.71505,43.5059,44.7808,-0.780304
7.96,-0,0.0481096,9.81029,43.5059,44.4266,-0.780304
7.97,-0,0.0481096,9.81029,43.5059,44.7808,-0.780304
7.98,-0,0.0481096,9.81029,45.1172,45.489,-0.780304
7.99,-0,0.144755,9.81029,45.1172,45.489,-0.780304
8,0,0.2414,9.71505,45.1172,45.8432,-0.780304
8.01,0,0.338045,9.71505,45.1172,46.5514,-0.780304
8.02,0,0.43469,9.71505,46.7285,47.2597,-0.520615
8.03,0,0.531336,9.71505,48.3398,47.968,-0.520615
8.04,0,0.627981,9.81029,48.3398,49.0304,-0.520615
8.05,0,0.531336,9.81029,49.9512,49.7387,-0.520615
8.06,0,0.43469,9.71505,49.9512,50.447,-0.260925
8.07,0,0.43469,9.71505,49.9512,51.1552,-0.260925
8.08,0,0.338045,9.81029,51.5625,51.8635,-0.260925
8.09,0,0.338045,9.81029,51.5625,52.2177,-0.260925
8.1,0,0.338045,9.81029,53.1738,52.9259,-0.260925
8.11,0,0.338045,9.81029,53.1738,53.6342,-0.00123596
8.12,0,0.43469,9.81029,53.1738,53.6342,-0.00123596
8.13,0,0.531336,9.71505,54.7852,54.6966,-0.00123596
8.14,0,0.627981,9.81029,54.7852,55.759,0.258438
8.15,0,0.627981,9.81029,56.3965,56.4673,0.258438
8.16,0,0.627981,9.81029,56.3965,57.1756,0.518127
8.17,0,0.627981,9.81029,56.3965,57.5297,0.777817
8.18,0,0.724626,9.71505,58.0078,58.5921,0.777817
8.19,0,0.821271,9.71505,58.0078,59.6545,0.777817
8.2,0,1.01456,9.71505,59.6191,60.717,1.03751
8.21,0,1.11121,9.71505,61.2305,61.7794,1.03751
8.22,0,1.20785,9.81029,62.8418,62.8418,1.2972
8.23,0,1.11121,9.81029,64.4531,64.6125,1.55688
8.24,0,1.01456,9.81029,64.4531,65.3208,1.81657
8.25,-0,1.01456,9.81029,66.0645,66.029,2.07626
8.26,-0,1.01456,9.81029,66.0645,67.0915,2.07626
8.27,-0,0.917917,9.81029,67.6758,67.7997,2.33594
8.28,-0,0.917917,9.81029,67.6758,68.508,2.59563
8.29,-0,1.01456,9.81029,67.6758,69.2163,2.85532
8.3,-0,0.917917,9.81029,69.2871,69.9246,3.11501
8.31,-0,0.917917,9.81029,69.2871,70.2787,3.37469
8.32,-0,0.821271,9.81029,69.2871,70.6328,3.63438
8.33,-0,0.917917,9.90554,70.8984,70.987,3.89407
8.34,-0,0.917917,9.90554,70.8984,71.3411,4.15376
8.35,-0,0.917917,9.81029,70.8984,71.3411,4.41344
8.36,-0,0.917917,9.81029,70.8984,71.6952,4.67313
8.37,-0,0.917917,9.81029,70.8984,72.0494,4.93282
8.38,-0,0.917917,9.81029,70.8984,72.0494,5.1925
8.39,-0,0.821271,9.90554,70.8984,72.0494,5.45219
8.4,-0,1.01456,9.81029,70.8984,71.6952,5.71188
8.41,-0,1.01456,9.81029,70.8984,72.0494,5.97157
8.42,-0,0.917917,9.81029,70.8984,71.6952,6.23126
8.43,-0,0.917917,9.90554,70.8984,71.3411,6.75063
8.44,-0,0.917917,9.81029,70.8984,70.987,6.75063
8.45,-0,0.917917,9.81029,69.2871,70.6328,7.01031
8.46,-0,1.01456,9.81029,69.2871,70.2787,7.27
8.47,-0,1.11121,9.81029,69.2871,69.9246,7.78938
8.48,-0,1.11121,9.81029,69.2871,69.5704,8.04907
8.49,-0,1.3045,9.81029,69.2871,69.5704,8.30876
8.5,0,1.20785,9.81029,69.2871,69.5704,8.56845
8.51,0,1.01456,9.81029,67.6758,68.8621,8.82813
8.52,0,0.821271,9.81029,67.6758,68.1539,8.82813
8.53,0,0.724626,9.81029,66.0645,67.0915,9.08781
8.54,0,1.11121,9.71505,66.0645,66.029,9.3475
8.55,0,1.59443,9.71505,66.0645,66.029,9.86688
8.56,0,1.88437,9.71505,66.0645,66.029,10.1266
8.57,0,1.88437,9.71505,66.0645,66.3832,10.1266
8.58,0,1.88437,9.71505,66.0645,67.0915,10.3863
8.59,0,1.69108,9.71505,66.0645,67.0915,10.646
8.6,0,1.49779,9.71505,66.0645,66.3832,10.9056
8.61,0,1.40114,9.81029,66.0645,65.6749,10.9056
8.62,0,1.40114,9.71505,64.4531,64.9666,11.425
8.63,0,1.40114,9.71505,64.4531,64.2583,11.6847
8.64,0,1.40114,9.71505,62.8418,63.5501,11.9444
8.65,0,1.40114,9.71505,62.8418,62.8418,12.2041
8.66,0,1.40114,9.71505,61.2305,62.1335,12.2041
8.67,0,1.40114,9.71505,61.2305,61.4252,12.4638
8.68,0,1.49779,9.71505,59.6191,60.3628,12.4638
8.69,0,1.59443,9.6198,59.6191,59.6545,12.7234
8.7,0,1.69108,9.6198,58.0078,58.9463,12.9831
8.71,0,1.78772,9.6198,58.0078,58.5921,12.9831
8.72,0,1.88437,9.6198,58.0078,57.8839,13.2428
8.73,0,1.98101,9.6198,56.3965,57.5297,13.2428
8.74,0,2.07766,9.6198,56.3965,57.5297,13.5025
8.75,-0,2.1743,9.6198,56.3965,57.5297,13.5025
8.76,-0,2.27095,9.6198,56.3965,57.5297,13.7622
8.77,-0,2.27095,9.52456,56.3965,57.5297,14.0219
8.78,-0,2.36759,9.52456,56.3965,57.8839,14.0219
8.79,-0,2.46424,9.52456,58.0078,57.5297,14.0219
8.8,-0,2.56089,9.52456,58.0078,58.238,14.2816
8.81,-0,2.65753,9.52456,58.0078,58.9463,14.5413
8.82,-0,2.56089,9.6198,58.0078,59.3004,14.5413
8.83,-0,2.36759,9.52456,58.0078,59.3004,14.8009
8.84,-0,2.27095,9.52456,58.0078,59.3004,14.8009
8.85,-0,2.1743,9.52456,58.0078,59.3004,15.0606
8.86,-0,1.98101,9.6198,58.0078,58.238,15.3203
8.87,-0,1.88437,9.6198,56.3965,57.5297,15.3203
8.88,-0,1.69108,9.6198,56.3965,56.4673,15.58
8.89,-0,1.59443,9.52456,54.7852,55.0508,15.58
8.9,-0,1.59443,9.52456,53.1738,53.9883,15.8397
8.91,-0,1.49779,9.52456,51.5625,52.5718,15.8397
8.92,-0,1.59443,9.52456,49.9512,51.1552,15.8397
8.93,-0,1.59443,9.52456,49.9512,49.7387,15.8397
8.94,-0,1.69108,9.52456,48.3398,48.6763,16.0994
8.95,-0,1.69108,9.52456,46.7285,47.2597,16.0994
8.96,-0,1.88437,9.52456,45.1172,46.1973,16.0994
8.97,-0,1.98101,9.52456,45.1172,45.1349,16.0994
8.98,-0,2.07766,9.52456,43.5059,44.4266,16.0994
8.99,-0,2.27095,9.52456,43.5059,44.0725,16.0994
9,0,2.36759,9.52456,43.5059,43.7183,16.0994
9.01,0,2.56089,9.52456,43.5059,43.3642,16.0994
9.02,0,2.56089,9.42931,43.5059,43.7183,16.0994
9.03,0,2.65753,9.42931,43.5059,43.7183,16.0994
9.04,0,2.65753,9.42931,43.5059,43.7183,16.0994
9.05,0,2.65753,9.42931,43.5059,43.7183,16.0994
9.06,0,2.65753,9.42931,43.5059,44.0725,16.0994
9.07,0,2.65753,9.42931,43.5059,44.0725,16.0994
9.08,0,2.65753,9.52456,43.5059,44.0725,16.0994
9.09,0,2.56089,9.42931,43.5059,44.0725,16.0994
9.1,0,2.56089,9.42931,43.5059,44.4266,16.0994
9.11,0,2.46424,9.52456,43.5059,43.7183,16.0994
9.12,0,2.36759,9.42931,43.5059,43.7183,16.0994
9.13,0,2.46424,9.42931,43.5059,43.3642,16.0994
9.14,0,2.56089,9.42931,43.5059,43.3642,16.0994
9.15,0,2.65753,9.42931,43.5059,43.3642,16.0994
9.16,0,2.65753,9.42931,43.5059,43.7183,16.0994
9.17,0,2.65753,9.42931,43.5059,43.3642,16.0994
9.18,0,2.56089,9.42931,43.5059,43.3642,16.0994
9.19,0,2.56089,9.42931,43.5059,43.3642,16.0994
9.2,0,2.56089,9.42931,43.5059,43.3642,16.0994
9.21,0,2.56089,9.52456,43.5059,43.0101,16.0994
9.22,0,2.56089,9.42931,43.5059,43.0101,16.0994
9.23,0,2.65753,9.42931,43.5059,43.3642,16.0994
9.24,0,2.65753,9.42931,43.5059,43.3642,16.0994
9.25,-0,2.65753,9.42931,43.5059,43.3642,16.0994
9.26,-0,2.65753,9.42931,43.5059,43.3642,16.0994
9.27,-0,2.65753,9.42931,43.5059,43.7183,16.0994
9.28,-0,2.65753,9.42931,43.5059,44.0725,16.0994
9.29,-0,2.75418,9.42931,43.5059,44.0725,16.0994
9.3,-0,2.65753,9.42931,43.5059,44.4266,16.0994
9.31,-0,2.56089,9.42931,43.5059,44.4266,16.0994
9.32,-0,2.56089,9.42931,43.5059,44.4266,16.0994
9.33,-0,2.46424,9.42931,43.5059,44.0725,16.0994
9.34,-0,2.46424,9.42931,43.5059,44.0725,16.0994
9.35,-0,2.46424,9.42931,43.5059,44.0725,16.0994
9.36,-0,2.56089,9.42931,43.5059,44.0725,16.0994
9.37,-0,2.56089,9.42931,43.5059,43.7183,16.0994
9.38,-0,2.56089,9.52456,43.5059,43.7183,16.0994
9.39,-0,2.65753,9.42931,43.5059,44.0725,16.0994
9.4,-0,2.65753,9.42931,43.5059,43.7183,16.0994
9.41,-0,2.65753,9.42931,43.5059,44.4266,16.0994
9.42,-0,2.65753,9.42931,43.5059,44.0725,16.0994
9.43,-0,2.56089,9.42931,43.5059,44.0725,16.0994
9.44,-0,2.56089,9.42931,43.5059,44.0725,16.0994
9.45,-0,2.46424,9.42931,43.5059,43.7183,16.0994
9.46,-0,2.46424,9.42931,43.5059,43.7183,16.0994
9.47,-0,2.56089,9.52456,43.5059,43.7183,16.0994
9.48,-0,2.56089,9.42931,43.5059,43.3642,16.0994
9.49,-0,2.65753,9.42931,43.5059,43.7183,16.0994
9.5,0,2.65753,9.42931,43.5059,43.7183,16.0994
9.51,0,2.65753,9.42931,43.5059,43.7183,16.0994
9.52,0,2.65753,9.42931,43.5059,44.0725,16.0994
9.53,0,2.56089,9.42931,43.5059,44.0725,16.0994
9.54,0,2.56089,9.42931,43.5059,44.0725,16.0994
9.55,0,2.56089,9.42931,43.5059,43.7183,16.0994
9.56,0,2.56089,9.42931,43.5059,44.0725,16.0994
9.57,0,2.56089,9.52456,43.5059,44.0725,16.0994
9.58,0,2.56089,9.42931,43.5059,44.0725,16.0994
9.59,0,2.56089,9.42931,43.5059,44.4266,16.0994
9.6,0,2.56089,9.42931,43.5059,44.4266,16.0994
9.61,0,2.56089,9.42931,43.5059,44.4266,16.0994
9.62,0,2.56089,9.42931,43.5059,44.0725,16.0994
9.63,0,2.56089,9.52456,43.5059,44.0725,16.0994
9.64,0,2.56089,9.52456,43.5059,43.7183,16.0994
9.65,0,2.56089,9.42931,43.5059,43.7183,16.0994
9.66,0,2.56089,9.42931,43.5059,44.0725,16.0994
9.67,0,2.65753,9.42931,43.5059,43.7183,16.0994
9.68,0,2.65753,9.42931,43.5059,44.0725,16.0994
9.69,0,2.65753,9.42931,43.5059,44.0725,16.0994
9.7,0,2.56089,9.42931,43.5059,44.4266,16.0994
9.71,0,2.56089,9.42931,43.5059,44.0725,16.0994
9.72,0,2.56089,9.52456,43.5059,43.7183,16.0994
9.73,0,2.56089,9.52456,43.5059,43.7183,16.0994
9.74,0,2.56089,9.42931,43.5059,43.7183,16.0994
9.75,-0,2.56089,9.42931,43.5059,43.7183,16.0994
9.76,-0,2.56089,9.42931,43.5059,44.0725,16.0994
9.77,-0,2.56089,9.52456,43.5059,44.0725,16.0994
9.78,-0,2.56089,9.52456,43.5059,44.0725,16.0994
9.79,-0,2.56089,9.42931,43.5059,43.7183,16.0994
9.8,-0,2.56089,9.42931,43.5059,43.7183,16.0994
9.81,-0,2.56089,9.42931,43.5059,43.7183,16.0994
9.82,-0,2.56089,9.42931,43.5059,44.0725,16.0994
9.83,-0,2.56089,9.42931,43.5059,43.7183,16.0994
9.84,-0,2.56089,9.42931,43.5059,44.0725,16.0994
9.85,-0,2.56089,9.42931,43.5059,44.0725,16.0994
9.86,-0,2.56089,9.42931,43.5059,44.0725,16.0994
9.87,-0,2.56089,9.42931,43.5059,43.7183,16.0994
9.88,-0,2.56089,9.42931,43.5059,44.0725,16.0994
9.89,-0,2.65753,9.52456,43.5059,43.7183,16.0994
9.9,-0,2.65753,9.42931,43.5059,44.0725,16.0994
9.91,-0,2.65753,9.42931,43.5059,44.0725,16.0994
9.92,-0,2.56089,9.42931,43.5059,44.0725,16.0994
9.93,-0,2.46424,9.42931,43.5059,44.0725,16.0994
9.94,-0,2.36759,9.52456,43.5059,44.0725,16.0994
9.95,-0,2.46424,9.52456,43.5059,43.3642,16.0994
9.96,-0,2.56089,9.42931,43.5059,43.7183,16.0994
9.97,-0,2.56089,9.52456,43.5059,43.3642,16.0994
9.98,-0,2.65753,9.52456,43.5059,43.7183,16.0994
9.99,-0,2.65753,9.42931,43.5059,43.7183,16.0994
